{
  "1575209965985": [
    { "title": "Vue2.5开发去哪儿网App", "count": 43 },
    { "title": "React 16.4 开发简书项目", "count": 38 },
    { "title": "React服务器渲染原理解析与实践", "count": 81 },
    { "title": "手把手带你掌握新版Webpack4.0", "count": 37 }
  ],
  "1575210118999": [
    { "title": "Vue2.5开发去哪儿网App", "count": 92 },
    { "title": "React 16.4 开发简书项目", "count": 13 },
    { "title": "React服务器渲染原理解析与实践", "count": 98 },
    { "title": "手把手带你掌握新版Webpack4.0", "count": 87 }
  ],
  "1575210133394": [
    { "title": "Vue2.5开发去哪儿网App", "count": 2 },
    { "title": "React 16.4 开发简书项目", "count": 57 },
    { "title": "React服务器渲染原理解析与实践", "count": 10 },
    { "title": "手把手带你掌握新版Webpack4.0", "count": 97 }
  ]
}
