{
  "1574606086622": [
    { "title": "Vue2.5开发去哪儿网App", "count": 8 },
    { "title": "React 16.4 开发简书项目", "count": 42 },
    { "title": "React服务器渲染原理解析与实践", "count": 62 },
    { "title": "手把手带你掌握新版Webpack4.0", "count": 2 }
  ],
  "1574606111927": [
    { "title": "Vue2.5开发去哪儿网App", "count": 17 },
    { "title": "React 16.4 开发简书项目", "count": 81 },
    { "title": "React服务器渲染原理解析与实践", "count": 91 },
    { "title": "手把手带你掌握新版Webpack4.0", "count": 60 }
  ],
  "1574606268818": [
    { "title": "Vue2.5开发去哪儿网App", "count": 13 },
    { "title": "React 16.4 开发简书项目", "count": 4 },
    { "title": "React服务器渲染原理解析与实践", "count": 40 },
    { "title": "手把手带你掌握新版Webpack4.0", "count": 33 }
  ]
}
