{
  "1575475988981": [
    { "title": "Vue2.5开发去哪儿网App", "count": 37 },
    { "title": "React 16.4 开发简书项目", "count": 59 },
    { "title": "React服务器渲染原理解析与实践", "count": 52 },
    { "title": "手把手带你掌握新版Webpack4.0", "count": 70 }
  ],
  "1577379913611": [
    { "title": "Vue2.5开发去哪儿网App", "count": 53 },
    { "title": "React 16.4 开发简书项目", "count": 24 },
    { "title": "React服务器渲染原理解析与实践", "count": 93 },
    { "title": "手把手带你掌握新版Webpack4.0", "count": 61 }
  ],
  "1577379976548": [
    { "title": "Vue2.5开发去哪儿网App", "count": 77 },
    { "title": "React 16.4 开发简书项目", "count": 90 },
    { "title": "React服务器渲染原理解析与实践", "count": 49 },
    { "title": "手把手带你掌握新版Webpack4.0", "count": 41 }
  ],
  "1577379988635": [
    { "title": "Vue2.5开发去哪儿网App", "count": 38 },
    { "title": "React 16.4 开发简书项目", "count": 22 },
    { "title": "React服务器渲染原理解析与实践", "count": 7 },
    { "title": "手把手带你掌握新版Webpack4.0", "count": 84 }
  ]
}
