{"1577807863181":[{"title":"Vue2.5开发去哪儿网App","count":20},{"title":"React 16.4 开发简书项目","count":21},{"title":"React服务器渲染原理解析与实践","count":86},{"title":"手把手带你掌握新版Webpack4.0","count":4}],"1577807995656":[{"title":"Vue2.5开发去哪儿网App","count":49},{"title":"React 16.4 开发简书项目","count":69},{"title":"React服务器渲染原理解析与实践","count":44},{"title":"手把手带你掌握新版Webpack4.0","count":34}],"1577889957672":[{"title":"Vue2.5开发去哪儿网App","count":77},{"title":"React 16.4 开发简书项目","count":100},{"title":"React服务器渲染原理解析与实践","count":90},{"title":"手把手带你掌握新版Webpack4.0","count":60}],"1577890616471":[{"title":"Vue2.5开发去哪儿网App","count":83},{"title":"React 16.4 开发简书项目","count":89},{"title":"React服务器渲染原理解析与实践","count":13},{"title":"手把手带你掌握新版Webpack4.0","count":36}],"1579790853034":[{"title":"Vue2.5开发去哪儿网App","count":88},{"title":"React 16.4 开发简书项目","count":74},{"title":"React服务器渲染原理解析与实践","count":32},{"title":"手把手带你掌握新版Webpack4.0","count":37}],"1579962406532":[{"title":"Vue2.5开发去哪儿网App","count":97},{"title":"React 16.4 开发简书项目","count":66},{"title":"React服务器渲染原理解析与实践","count":40},{"title":"手把手带你掌握新版Webpack4.0","count":12}],"1580053100443":[{"title":"Vue2.5开发去哪儿网App","count":74},{"title":"React 16.4 开发简书项目","count":4},{"title":"React服务器渲染原理解析与实践","count":19},{"title":"手把手带你掌握新版Webpack4.0","count":49}],"1580053101140":[{"title":"Vue2.5开发去哪儿网App","count":81},{"title":"React 16.4 开发简书项目","count":10},{"title":"React服务器渲染原理解析与实践","count":1},{"title":"手把手带你掌握新版Webpack4.0","count":13}],"1580054386759":[{"title":"Vue2.5开发去哪儿网App","count":89},{"title":"React 16.4 开发简书项目","count":9},{"title":"React服务器渲染原理解析与实践","count":31},{"title":"手把手带你掌握新版Webpack4.0","count":91}],"1580056960206":[{"title":"Vue2.5开发去哪儿网App","count":51},{"title":"React 16.4 开发简书项目","count":39},{"title":"React服务器渲染原理解析与实践","count":36},{"title":"手把手带你掌握新版Webpack4.0","count":36}],"1580056973779":[{"title":"Vue2.5开发去哪儿网App","count":14},{"title":"React 16.4 开发简书项目","count":98},{"title":"React服务器渲染原理解析与实践","count":27},{"title":"手把手带你掌握新版Webpack4.0","count":58}],"1580099597178":[{"title":"Vue2.5开发去哪儿网App","count":30},{"title":"React 16.4 开发简书项目","count":23},{"title":"React服务器渲染原理解析与实践","count":10},{"title":"手把手带你掌握新版Webpack4.0","count":11}]}